{
  "hash": "96851098",
  "browserHash": "3f2c7338",
  "optimized": {
    "@angular/common": {
      "src": "../../../../../node_modules/@angular/common/fesm2022/common.mjs",
      "file": "@angular_common.js",
      "fileHash": "721aefc3",
      "needsInterop": false
    },
    "@angular/common/http": {
      "src": "../../../../../node_modules/@angular/common/fesm2022/http.mjs",
      "file": "@angular_common_http.js",
      "fileHash": "93f77a89",
      "needsInterop": false
    },
    "@angular/core": {
      "src": "../../../../../node_modules/@angular/core/fesm2022/core.mjs",
      "file": "@angular_core.js",
      "fileHash": "dad376e7",
      "needsInterop": false
    },
    "@angular/forms": {
      "src": "../../../../../node_modules/@angular/forms/fesm2022/forms.mjs",
      "file": "@angular_forms.js",
      "fileHash": "5014d073",
      "needsInterop": false
    },
    "@angular/platform-browser": {
      "src": "../../../../../node_modules/@angular/platform-browser/fesm2022/platform-browser.mjs",
      "file": "@angular_platform-browser.js",
      "fileHash": "b3c42ca2",
      "needsInterop": false
    },
    "@angular/router": {
      "src": "../../../../../node_modules/@angular/router/fesm2022/router.mjs",
      "file": "@angular_router.js",
      "fileHash": "061fa9c8",
      "needsInterop": false
    },
    "html2canvas": {
      "src": "../../../../../node_modules/html2canvas/dist/html2canvas.esm.js",
      "file": "html2canvas.js",
      "fileHash": "34a15495",
      "needsInterop": false
    },
    "jspdf": {
      "src": "../../../../../node_modules/jspdf/dist/jspdf.es.min.js",
      "file": "jspdf.js",
      "fileHash": "d2cfb228",
      "needsInterop": false
    },
    "moment": {
      "src": "../../../../../node_modules/moment/moment.js",
      "file": "moment.js",
      "fileHash": "c5be78f7",
      "needsInterop": true
    }
  },
  "chunks": {
    "purify.es-XIGOADPF": {
      "file": "purify__es-XIGOADPF.js"
    },
    "index.es-Y4BD3LFU": {
      "file": "index__es-Y4BD3LFU.js"
    },
    "chunk-YD4BOVCW": {
      "file": "chunk-YD4BOVCW.js"
    },
    "chunk-A5ERJFXC": {
      "file": "chunk-A5ERJFXC.js"
    },
    "chunk-IMJWOBEJ": {
      "file": "chunk-IMJWOBEJ.js"
    },
    "chunk-IZ6Q6OO6": {
      "file": "chunk-IZ6Q6OO6.js"
    },
    "chunk-S2TQHOPG": {
      "file": "chunk-S2TQHOPG.js"
    },
    "chunk-J5XZNU7V": {
      "file": "chunk-J5XZNU7V.js"
    }
  }
}